,hour,longitude,latitude,value
0,0,109.0219,34.4114,9
1,0,108.8848,34.1973,9
2,0,108.971,34.2763,3
3,0,109.0078,34.262,3
4,0,108.976,34.2169,6
5,0,108.789,34.2562,6
6,0,108.9164,34.2612,7
7,0,108.9554,34.2561,18
8,0,108.9811,34.3939,3
9,0,108.8981,34.2419,9
10,0,108.943,34.1973,4
11,0,109.037,34.2709,2
12,0,109.1943,34.3699,10
13,0,108.9019,34.2235,4
14,0,108.9791,34.2025,6
15,0,109.0708,34.2749,4
16,0,108.9288,34.2652,6
17,0,108.9493,34.2772,10
18,0,108.8544,34.1758,2
19,0,108.96,34.2707,4
20,0,108.9838,34.1778,3
21,0,108.9587,34.3599,6
22,0,108.9265,34.2919,3
23,0,108.8985,34.2907,3
24,0,108.9651,34.2609,2
25,0,109.0204,34.2878,13
26,0,108.8865,34.2241,3
27,0,108.9508,34.2658,4
28,0,108.9514,34.3436,2
29,0,108.9457,34.2141,2
30,0,108.9526,34.3327,10
31,0,108.9907,34.2247,2
32,0,108.9565,34.2245,4
33,0,109.0493,34.2682,4
34,0,108.9119,34.2377,9
35,0,108.9431,34.2349,6
36,0,108.9668,34.2501,6
37,0,108.876,34.1453,11
38,0,108.938,34.2241,6
39,1,108.9947,34.2772,4
40,1,109.0219,34.4114,3
41,1,108.8693,34.2793,8
42,1,108.8966,34.2833,4
43,1,108.9308,34.2184,2
44,1,108.963,34.2264,4
45,1,108.8758,34.197,2
46,1,108.8183,34.3033,2
47,1,108.9362,34.3657,2
48,1,108.9344,34.2045,2
49,1,108.9717,34.3221,4
50,1,108.8858,34.2428,4
51,1,108.9299,34.2396,4
52,1,108.9836,34.3679,6
53,1,109.0138,34.2753,2
54,1,108.9264,34.3365,2
55,1,109.0021,34.2702,3
56,1,108.9873,34.2269,4
57,1,109.1024,34.221,7
58,1,109.0156,34.2331,2
59,1,108.9717,34.3434,3
60,1,108.9385,34.2543,4
61,1,108.8864,34.1679,2
62,2,108.9196,34.2749,4
63,2,109.019,34.2018,2
64,2,108.8974,34.2343,3
65,2,108.9598,34.297,4
66,2,109.0063,34.2048,7
67,2,108.9615,34.359,4
68,2,108.9378,34.2961,3
69,2,108.9431,34.2063,2
70,2,108.9149,34.2062,4
71,2,109.023,34.3301,3
72,2,108.9541,34.2719,4
73,2,108.972,34.3187,3
74,2,108.8832,34.2422,6
75,2,108.9197,34.2583,4
76,2,108.8946,34.214,4
77,2,108.9537,34.3069,2
78,2,108.8846,34.1997,2
79,2,108.9619,34.198,2
80,2,108.9534,34.2368,4
81,3,108.954,34.2585,3
82,3,108.8858,34.158,3
83,3,108.8713,34.1853,3
84,3,108.9381,34.2949,3
85,3,108.9881,34.2113,2
86,3,109.009,34.372,3
87,3,108.9637,34.3142,3
88,3,108.9096,34.2485,4
89,3,108.9619,34.3599,6
90,3,108.9678,34.2426,3
91,3,108.9618,34.2701,4
92,3,108.935,34.2615,2
93,3,108.9541,34.3361,3
94,3,108.9544,34.2298,4
95,3,108.8963,34.2418,4
96,3,108.8889,34.2294,2
97,3,108.9828,34.3678,4
98,3,108.8782,34.2005,6
99,3,108.9342,34.2725,2
100,3,108.9696,34.2617,3
101,4,108.8643,34.1816,4
102,4,108.9005,34.2665,4
103,4,108.8905,34.2283,2
104,4,108.9636,34.3323,3
105,4,108.9758,34.2296,4
106,4,108.9416,34.3057,2
107,4,108.9857,34.2654,6
108,4,108.8184,34.3077,2
109,4,109.0475,34.3269,7
110,4,108.9167,34.26,4
111,4,108.9304,34.224,11
112,4,108.9627,34.3622,4
113,5,109.052,34.2905,2
114,5,108.8761,34.2024,4
115,5,108.9596,34.3037,4
116,5,108.8841,34.263,2
117,5,108.8184,34.3077,6
118,5,108.9078,34.1603,3
119,5,109.0552,34.2664,4
120,5,108.8948,34.2848,3
121,5,108.9859,34.2515,4
122,5,108.9491,34.3477,2
123,5,109.015,34.2329,3
124,5,109.0091,34.2824,4
125,5,108.9667,34.2801,10
126,5,108.9698,34.2559,3
127,5,108.9208,34.1924,3
128,5,108.9632,34.3428,4
129,5,108.8923,34.2484,4
130,5,109.2388,34.6616,6
131,5,109.026,34.3139,6
132,5,109.0776,34.3079,2
133,5,108.8563,34.1856,3
134,5,108.883,34.1753,6
135,5,109.0129,34.3,4
136,5,108.908,34.2755,4
137,5,108.9554,34.2471,4
138,5,109.0049,34.2076,4
139,5,108.9865,34.2924,3
140,5,108.9578,34.289,2
141,5,108.8993,34.1991,2
142,5,109.0407,34.3204,4
143,6,109.0169,34.2885,4
144,6,108.9157,34.2177,8
145,6,108.8711,34.2216,2
146,6,109.02,34.2015,4
147,6,108.8666,34.1884,7
148,6,108.9098,34.1913,5
149,6,108.9013,34.1635,3
150,6,108.9165,34.2511,4
151,6,109.0016,34.2491,2
152,6,108.8419,34.2928,2
153,6,108.8844,34.2481,10
154,6,108.8966,34.2416,2
155,6,108.8927,34.2153,4
156,6,109.0592,34.2548,3
157,6,108.9878,34.229,4
158,6,108.8724,34.2103,6
159,6,109.0237,34.3432,2
160,6,109.018,34.3055,11
161,6,108.9876,34.2943,3
162,6,109.0125,34.2631,4
163,6,108.8588,34.2377,7
164,6,108.991,34.1822,3
165,6,109.0033,34.3917,3
166,6,108.9379,34.3179,9
167,6,108.9077,34.2564,12
168,6,108.9921,34.3196,20
169,6,108.8842,34.1836,2
170,6,109.0482,34.2945,2
171,6,108.979,34.1941,6
172,6,108.8837,34.226,4
173,6,108.9228,34.1912,4
174,6,108.9991,34.3281,3
175,6,109.0449,34.3686,8
176,6,108.957,34.3239,10
177,6,108.9235,34.3355,7
178,6,108.9843,34.2051,2
179,6,108.972,34.3204,7
180,6,108.9421,34.2099,3
181,6,109.046,34.2352,3
182,6,108.8865,34.1565,4
183,6,108.9751,34.1737,2
184,6,108.9669,34.3337,3
185,6,108.8253,34.3073,4
186,6,108.8843,34.2801,3
187,6,108.9418,34.3396,3
188,6,108.8915,34.2585,4
189,6,108.9674,34.2105,7
190,6,108.9972,34.2617,4
191,6,108.9358,34.2989,4
192,6,108.858,34.2853,4
193,6,109.064,34.2796,4
194,6,109.2399,34.3889,4
195,6,109.0162,34.2315,3
196,6,109.0927,34.4831,10
197,6,108.911,34.2369,5
198,6,109.0064,34.2063,3
199,6,108.8708,34.2522,4
200,6,108.9121,34.1581,3
201,6,109.0752,34.278,2
202,6,108.9311,34.289,4
203,6,108.8844,34.1727,3
204,6,108.9296,34.2151,3
205,6,108.9853,34.2517,4
206,6,108.9491,34.2905,2
207,6,108.8929,34.2922,3
208,6,108.9423,34.2509,6
209,6,108.8818,34.2004,4
210,6,108.9536,34.3427,6
211,7,108.9328,34.3466,17
212,7,108.8604,34.1862,15
213,7,109.0703,34.3035,4
214,7,108.9297,34.317,6
215,7,108.9909,34.3102,3
216,7,109.0612,34.262,11
217,7,108.9785,34.3434,2
218,7,109.0267,34.4045,5
219,7,108.8913,34.1575,3
220,7,108.9687,34.2824,4
221,7,108.9365,34.2699,8
222,7,108.9944,34.2716,3
223,7,108.9321,34.2842,13
224,7,108.9323,34.2266,17
225,7,109.0378,34.288,2
226,7,108.9675,34.3292,6
227,7,108.9842,34.2474,11
228,7,108.9946,34.2595,8
229,7,108.8846,34.2676,6
230,7,108.9514,34.202,19
231,7,108.9427,34.256,17
232,7,109.023,34.2636,4
233,7,108.939,34.2992,3
234,7,108.9262,34.2659,8
235,7,108.8319,34.2649,4
236,7,108.9057,34.2921,7
237,7,108.9286,34.3329,4
238,7,108.9521,34.1894,6
239,7,109.0716,34.2672,3
240,7,108.9666,34.1729,6
241,7,108.9776,34.1809,4
242,7,108.9875,34.1982,12
243,7,108.9157,34.2101,41
244,7,109.0071,34.2725,5
245,7,108.8728,34.2059,16
246,7,109.2159,34.387,2
247,7,108.9532,34.2991,14
248,7,108.8966,34.2416,25
249,7,108.9258,34.2566,4
250,7,108.9415,34.3396,3
251,7,108.845,34.2739,3
252,7,108.8797,34.2288,25
253,7,108.9479,34.2157,13
254,7,109.0794,34.282,2
255,7,108.8856,34.2386,10
256,7,109.0007,34.249,13
257,7,109.2056,34.3838,8
258,7,108.9421,34.3297,13
259,7,108.9348,34.2366,42
260,7,108.9977,34.2199,7
261,7,108.8504,34.2827,8
262,7,108.9207,34.2926,7
263,7,108.8366,34.2567,13
264,7,108.9646,34.343,32
265,7,109.0679,34.2763,12
266,7,109.0114,34.2456,6
267,7,109.0515,34.2892,4
268,7,108.9541,34.2263,11
269,7,108.869,34.2583,20
270,7,108.8523,34.2944,4
271,7,108.9138,34.1675,13
272,7,108.9305,34.3568,4
273,7,108.9519,34.1619,4
274,7,109.2316,34.3915,6
275,7,109.0239,34.2477,5
276,7,108.9333,34.1993,12
277,7,109.0019,34.314,15
278,7,108.98,34.2605,18
279,7,108.9792,34.3058,8
280,7,109.3693,34.1334,2
281,7,109.0644,34.2519,4
282,7,108.954,34.2882,17
283,7,108.8828,34.2923,11
284,7,108.9464,34.3198,20
285,7,108.8876,34.1047,2
286,7,108.9747,34.3754,4
287,7,108.8555,34.2048,6
288,7,108.9579,34.3195,4
289,7,108.8981,34.2001,11
290,7,108.9801,34.2735,4
291,7,108.9462,34.1754,4
292,7,109.0329,34.307,2
293,7,108.9473,34.308,6
294,7,108.9918,34.2279,12
295,7,109.0535,34.2703,5
296,7,108.8958,34.2229,6
297,7,109.0284,34.2831,3
298,7,109.0398,34.3204,6
299,7,108.9813,34.2363,25
300,7,108.8357,34.2945,4
301,7,108.8685,34.2229,4
302,7,108.9557,34.2431,12
303,7,108.9013,34.2315,2
304,7,109.0129,34.2602,12
305,7,108.8976,34.2612,17
306,7,109.0229,34.338,4
307,7,108.8907,34.2502,35
308,7,108.5535,34.4947,4
309,7,108.9347,34.3669,3
310,7,109.0535,34.2506,8
311,7,108.8807,34.1724,20
312,7,109.0047,34.3716,3
313,7,108.9977,34.2987,8
314,7,108.9063,34.2735,2
315,7,109.0154,34.2312,2
316,7,108.9458,34.3626,13
317,7,108.9092,34.1962,3
318,7,108.9878,34.3607,2
319,7,108.9153,34.2251,4
320,7,109.0202,34.3102,4
321,7,108.9166,34.2806,18
322,7,108.853,34.1735,4
323,7,109.0298,34.2201,2
324,7,108.9698,34.2344,4
325,7,108.972,34.3204,35
326,7,109.0013,34.2114,6
327,7,108.9726,34.3555,5
328,7,108.9486,34.2799,3
329,7,108.978,34.2238,6
330,7,109.0122,34.3362,3
331,7,108.9694,34.2687,14
332,7,108.9117,34.2405,8
333,7,108.8611,34.1596,4
334,7,108.9939,34.3245,17
335,7,108.9841,34.2905,13
336,7,108.8454,34.1972,6
337,7,108.8786,34.2483,9
338,7,108.9746,34.1987,9
339,7,109.0204,34.2902,7
340,7,108.8824,34.1838,14
341,7,108.8768,34.2831,3
342,7,108.968,34.2122,6
343,7,108.9993,34.2821,14
344,7,108.8823,34.217,3
345,7,108.9112,34.2531,6
346,7,108.9671,34.2528,2
347,7,108.9817,34.2079,6
348,8,108.9453,34.288,2
349,8,108.9294,34.3543,9
350,8,108.9974,34.2755,4
351,8,108.9166,34.3787,3
352,8,108.9853,34.2517,23
353,8,108.8645,34.2432,2
354,8,108.9369,34.3105,4
355,8,108.8911,34.2224,18
356,8,108.8592,34.2324,2
357,8,108.9456,34.3801,2
358,8,108.8789,34.2571,27
359,8,108.8611,34.267,11
360,8,108.9198,34.2336,18
361,8,108.8796,34.2288,38
362,8,108.9168,34.2804,25
363,8,108.8611,34.1596,8
364,8,108.9594,34.3591,17
365,8,108.9771,34.2063,5
366,8,109.0012,34.3246,34
367,8,108.9709,34.1957,5
368,8,108.8928,34.2555,33
369,8,108.956,34.35,8
370,8,108.933,34.2261,20
371,8,108.968,34.3499,17
372,8,109.0025,34.3146,4
373,8,108.9421,34.2514,9
374,8,108.9816,34.2647,3
375,8,108.9109,34.1667,17
376,8,108.9978,34.2999,15
377,8,108.958,34.3041,12
378,8,108.9864,34.2988,13
379,8,109.0011,34.2661,19
380,8,108.8098,34.3085,12
381,8,108.9388,34.1625,6
382,8,108.9331,34.2998,19
383,8,108.8753,34.2045,2
384,8,108.9781,34.3054,19
385,8,108.9179,34.1744,4
386,8,109.0318,34.3014,18
387,8,109.0226,34.2492,8
388,8,108.9065,34.2367,6
389,8,108.904,34.2642,83
390,8,109.0483,34.2341,3
391,8,108.9692,34.2835,12
392,8,108.9082,34.2982,15
393,8,108.9635,34.3122,4
394,8,108.9327,34.3331,6
395,8,108.9705,34.2576,14
396,8,108.884,34.2923,5
397,8,108.9488,34.2156,13
398,8,108.8877,34.2391,6
399,8,109.0523,34.2719,11
400,8,108.9505,34.3234,21
401,8,108.875,34.166,2
402,8,108.9342,34.2808,16
403,8,108.9073,34.2555,5
404,8,108.9864,34.1787,5
405,8,108.9435,34.3478,25
406,8,108.8665,34.2104,61
407,8,108.9911,34.3107,10
408,8,109.0068,34.2057,6
409,8,108.9886,34.2319,14
410,8,108.9967,34.2212,20
411,8,109.0284,34.2648,8
412,8,108.9382,34.2656,2
413,8,108.8537,34.1736,2
414,8,108.7157,34.0776,4
415,8,108.8529,34.2012,17
416,8,108.9486,34.2784,4
417,8,108.9705,34.3208,5
418,8,108.9131,34.2181,25
419,8,108.9523,34.1893,4
420,8,108.9261,34.2114,3
421,8,108.9215,34.1906,4
422,8,108.9824,34.3522,4
423,8,109.025,34.4073,3
424,8,108.9353,34.3216,20
425,8,109.013,34.261,23
426,8,108.9701,34.3298,45
427,8,109.0479,34.2941,3
428,8,108.9746,34.1678,6
429,8,109.0238,34.3431,20
430,8,108.9707,34.1858,4
431,8,108.9587,34.1975,24
432,8,108.972,34.3603,2
433,8,108.8863,34.1518,8
434,8,108.9963,34.2884,8
435,8,108.9566,34.238,12
436,8,108.9452,34.2315,5
437,8,108.952,34.1767,4
438,8,108.9028,34.2819,21
439,8,108.9627,34.3379,8
440,8,108.9821,34.1955,18
441,8,108.8791,34.2471,44
442,8,108.8865,34.1876,4
443,8,108.9108,34.1961,3
444,8,108.9484,34.2987,12
445,8,109.0024,34.2496,11
446,8,108.9023,34.2196,6
447,8,108.9728,34.2193,15
448,8,108.8832,34.1789,11
449,8,108.9328,34.2412,21
450,8,109.0095,34.3066,15
451,8,108.8639,34.2001,5
452,8,108.9787,34.2435,10
453,8,108.9492,34.1546,6
454,8,108.9468,34.3371,12
455,8,108.9448,34.1186,3
456,8,108.9422,34.1963,6
457,8,109.068,34.281,4
458,8,108.9739,34.2318,21
459,8,108.924,34.1631,4
460,8,108.8866,34.1694,21
461,8,108.8839,34.2698,2
462,8,108.9782,34.3391,6
463,8,108.8981,34.2001,4
464,8,108.9723,34.2697,11
465,8,108.9419,34.208,11
466,8,108.9846,34.372,2
467,8,109.0151,34.2329,3
468,8,108.9179,34.2649,13
469,8,108.8871,34.2108,3
470,8,108.9177,34.2041,13
471,8,108.8366,34.2567,3
472,8,109.0263,34.3133,4
473,8,109.0129,34.2873,6
474,8,108.8744,34.1872,20
475,8,108.9471,34.2605,34
476,8,108.8986,34.3059,5
477,8,108.8613,34.1878,5
478,8,109.0816,34.2891,3
479,8,109.0452,34.3233,23
480,8,108.9066,34.246,49
481,9,108.9159,34.2346,11
482,9,108.9165,34.2685,17
483,9,108.9015,34.1676,5
484,9,108.9607,34.3035,2
485,9,108.9526,34.2682,9
486,9,108.8922,34.2541,14
487,9,108.9995,34.2567,11
488,9,108.9073,34.2234,11
489,9,108.9696,34.2065,4
490,9,108.8592,34.2324,4
491,9,108.9427,34.2371,20
492,9,108.8806,34.2178,6
493,9,109.0202,34.2568,6
494,9,108.8945,34.2422,2
495,9,108.9724,34.2325,11
496,9,108.9609,34.3197,10
497,9,108.9359,34.3924,2
498,9,109.0459,34.2357,3
499,9,109.0153,34.2487,2
500,9,108.8438,34.3113,4
501,9,108.8809,34.1982,5
502,9,108.9966,34.3437,5
503,9,108.9655,34.2475,6
504,9,108.9384,34.2749,13
505,9,108.9757,34.2523,6
506,9,108.9882,34.3854,2
507,9,108.8727,34.187,2
508,9,108.8483,34.2341,3
509,9,109.2119,34.6511,3
510,9,108.9245,34.3625,2
511,9,109.0474,34.3279,8
512,9,109.0518,34.2892,2
513,9,108.8614,34.1877,2
514,9,108.9672,34.2762,5
515,9,108.96,34.2177,2
516,9,108.8984,34.2922,6
517,9,108.8976,34.2744,2
518,9,108.8763,34.2091,3
519,9,108.9958,34.2756,10
520,9,108.9689,34.338,7
521,9,108.9496,34.2798,12
522,9,108.9502,34.2566,27
523,9,108.9256,34.275,16
524,9,109.0089,34.2864,4
525,9,108.9508,34.2244,13
526,9,109.0055,34.2028,5
527,9,108.9313,34.3331,8
528,9,108.8833,34.2468,17
529,9,109.0117,34.2717,14
530,9,108.9547,34.3363,7
531,9,108.9584,34.1938,3
532,9,108.9255,34.2866,18
533,9,108.987,34.2202,8
534,9,109.0561,34.305,4
535,9,108.9289,34.2985,3
536,9,108.9369,34.224,7
537,9,108.902,34.3285,4
538,9,108.946,34.3776,2
539,9,108.9556,34.2425,17
540,9,109.0355,34.3263,2
541,9,109.0237,34.3431,17
542,9,108.9147,34.2065,6
543,9,108.9652,34.2659,25
544,9,108.9067,34.2575,12
545,9,108.8951,34.2,13
546,9,108.9221,34.2271,6
547,9,108.8986,34.3059,2
548,9,108.8839,34.181,6
549,9,108.9922,34.2995,5
550,9,108.8719,34.2516,6
551,9,108.9165,34.2512,18
552,9,108.9165,34.2179,13
553,9,108.9511,34.2036,23
554,9,109.1962,34.3752,3
555,9,108.9347,34.1978,4
556,9,109.2359,34.3963,4
557,9,108.9809,34.1988,17
558,9,108.9546,34.3598,6
559,9,109.005,34.2378,4
560,9,108.9388,34.318,5
561,9,108.9325,34.2333,4
562,9,108.926,34.2113,3
563,9,108.9375,34.3706,4
564,9,108.9108,34.2935,11
565,9,109.0718,34.2787,4
566,9,109.03,34.3056,2
567,9,108.9372,34.2068,14
568,9,108.9748,34.1781,4
569,9,108.9347,34.2501,11
570,9,109.0516,34.2711,6
571,9,108.8906,34.2299,14
572,9,108.861,34.203,3
573,9,108.9901,34.2392,3
574,9,108.9442,34.1912,5
575,9,108.8927,34.2163,3
576,9,108.884,34.2923,4
577,9,109.0019,34.3069,3
578,9,108.9381,34.1625,2
579,9,108.9509,34.1789,5
580,10,108.876,34.1437,3
581,10,108.8968,34.2219,13
582,10,108.9074,34.2483,4
583,10,108.9982,34.2155,5
584,10,108.894,34.2645,3
585,10,108.926,34.3576,4
586,10,108.999,34.3926,3
587,10,109.0804,34.2812,3
588,10,108.954,34.3585,8
589,10,108.9905,34.3579,4
590,10,108.9473,34.1643,6
591,10,109.0028,34.2891,11
592,10,108.9499,34.2865,10
593,10,109.0171,34.3072,3
594,10,108.9214,34.2703,4
595,10,109.0092,34.2742,7
596,10,108.9168,34.1664,2
597,10,108.9374,34.2756,5
598,10,108.9599,34.2989,16
599,10,108.9459,34.1326,4
600,10,108.9256,34.2404,2
601,10,108.8443,34.1971,2
602,10,108.9279,34.2299,7
603,10,109.0018,34.3269,6
604,10,108.8611,34.327,6
605,10,108.9449,34.1739,6
606,10,108.983,34.2735,3
607,10,108.8971,34.2019,11
608,10,109.0195,34.2015,4
609,10,109.0032,34.2631,8
610,10,108.9859,34.2973,8
611,10,109.0172,34.26,9
612,10,108.9946,34.2767,2
613,10,108.9829,34.284,3
614,10,108.8704,34.2872,4
615,10,109.2202,34.3713,11
616,10,109.0113,34.2236,2
617,10,108.9632,34.218,4
618,10,108.9723,34.212,3
619,10,108.9601,34.3283,4
620,10,108.9167,34.2203,3
621,10,109.2119,34.6511,2
622,10,108.9831,34.3078,4
623,10,108.9628,34.342,5
624,10,108.9326,34.2649,4
625,10,108.9784,34.257,4
626,10,108.9287,34.2887,9
627,10,108.9908,34.2271,8
628,10,108.9695,34.2718,7
629,10,108.9164,34.2939,5
630,10,108.942,34.1481,5
631,10,108.9045,34.2396,13
632,10,108.9132,34.2821,5
633,10,108.9542,34.2718,19
634,10,108.9345,34.2497,20
635,10,108.9388,34.2356,13
636,10,109.0378,34.3282,3
637,10,108.9161,34.2614,6
638,10,108.9774,34.1942,8
639,10,108.9492,34.2618,9
640,10,108.9045,34.1656,8
641,10,108.8796,34.1975,10
642,10,108.9328,34.3466,3
643,10,108.8484,34.2615,7
644,10,108.9538,34.2071,8
645,10,108.8864,34.2511,26
646,10,108.8821,34.2331,6
647,10,108.8739,34.1691,7
648,10,108.9781,34.382,6
649,10,109.0305,34.3012,2
650,10,109.0172,34.29,3
651,10,108.8977,34.3055,3
652,10,108.911,34.2073,15
653,10,108.9056,34.2583,2
654,10,108.9626,34.1982,6
655,10,108.9601,34.2516,18
656,10,108.9522,34.3178,4
657,10,108.9771,34.2422,4
658,10,108.9687,34.2828,4
659,10,108.8786,34.2649,2
660,10,108.8713,34.2075,6
661,10,108.8806,34.2789,4
662,10,108.8818,34.1837,13
663,10,108.9353,34.1959,4
664,10,109.0153,34.2475,4
665,10,108.99,34.3159,3
666,10,108.9764,34.3238,5
667,10,108.9418,34.3359,2
668,10,108.8856,34.1553,3
669,10,108.869,34.2705,4
670,10,108.9996,34.201,6
671,10,108.9105,34.1523,4
672,11,109.002,34.2898,5
673,11,108.9477,34.3269,4
674,11,108.9363,34.3241,3
675,11,108.9551,34.2142,18
676,11,109.0058,34.3074,2
677,11,108.9219,34.2467,6
678,11,109.1385,34.3115,2
679,11,108.957,34.2778,4
680,11,108.8888,34.1637,4
681,11,108.9533,34.2398,7
682,11,108.8981,34.2653,6
683,11,108.8913,34.2852,11
684,11,108.9454,34.3406,4
685,11,109.0441,34.2793,8
686,11,108.9503,34.2657,7
687,11,109.0102,34.2405,2
688,11,108.9021,34.3498,6
689,11,108.9849,34.3973,3
690,11,108.9069,34.2298,4
691,11,108.8879,34.1802,4
692,11,108.9296,34.225,2
693,11,109.0256,34.204,10
694,11,109.0012,34.2108,11
695,11,108.863,34.2523,4
696,11,108.8823,34.236,16
697,11,108.8625,34.2054,3
698,11,108.8762,34.1788,2
699,11,108.9384,34.2364,14
700,11,108.8959,34.2279,4
701,11,109.0464,34.2689,8
702,11,108.9596,34.2253,10
703,11,109.3216,34.2656,4
704,11,109.0011,34.2742,6
705,11,108.9814,34.1956,4
706,11,109.2918,34.3943,2
707,11,108.9245,34.3413,6
708,11,109.2193,34.3692,3
709,11,108.9405,34.1339,4
710,11,108.9148,34.2044,6
711,11,108.9771,34.3285,4
712,11,108.8562,34.1854,2
713,11,109.0113,34.3273,4
714,11,108.8532,34.1974,5
715,11,108.9958,34.3251,6
716,11,108.893,34.2171,4
717,11,108.9632,34.1974,4
718,11,108.9738,34.2379,14
719,11,108.9516,34.1666,6
720,11,108.9322,34.275,3
721,11,108.9387,34.2462,6
722,11,108.9522,34.3178,4
723,11,109.0188,34.2341,4
724,11,108.9947,34.2519,6
725,11,108.8898,34.2554,2
726,11,108.8859,34.1517,6
727,11,108.9031,34.2397,12
728,11,108.9087,34.2713,3
729,11,109.0545,34.2527,4
730,11,109.0019,34.3798,3
731,11,108.9745,34.1658,11
732,11,108.902,34.3278,3
733,11,108.914,34.2149,10
734,11,108.9056,34.2583,2
735,11,108.9293,34.3051,4
736,11,108.9017,34.1679,4
737,11,108.935,34.2652,9
738,11,108.8483,34.2154,3
739,11,109.0355,34.2852,4
740,11,108.8912,34.1905,2
741,11,109.1904,34.3779,4
742,11,108.9714,34.218,6
743,11,108.9452,34.3771,6
744,11,109.0703,34.4012,4
745,11,108.9461,34.126,3
746,11,108.9612,34.2868,9
747,11,108.9836,34.2838,6
748,11,108.9312,34.2859,4
749,11,109.0209,34.2848,4
750,11,108.952,34.3481,3
751,11,108.9191,34.2559,6
752,11,108.9624,34.2552,9
753,11,108.9748,34.1772,2
754,11,108.9817,34.2629,3
755,11,109.2224,34.381,3
756,11,108.9813,34.2074,12
757,11,108.8937,34.2013,5
758,11,108.9529,34.2989,3
759,11,108.9744,34.2708,11
760,12,109.0209,34.2848,7
761,12,108.8336,34.2747,3
762,12,108.9522,34.1712,4
763,12,108.982,34.2082,6
764,12,108.9947,34.2704,8
765,12,108.8756,34.2075,7
766,12,108.9441,34.2798,7
767,12,108.8791,34.244,4
768,12,109.0769,34.3003,6
769,12,108.8417,34.1963,2
770,12,108.9676,34.3112,12
771,12,108.9749,34.2245,9
772,12,109.0723,34.3733,2
773,12,108.888,34.1789,11
774,12,108.982,34.2653,4
775,12,108.9698,34.2668,11
776,12,108.9206,34.2259,4
777,12,108.8614,34.1592,2
778,12,108.9588,34.1975,3
779,12,108.8645,34.1925,2
780,12,108.8755,34.1835,3
781,12,109.0144,34.2463,6
782,12,108.9252,34.2414,4
783,12,108.9374,34.3219,3
784,12,108.8831,34.2175,6
785,12,108.8222,34.3433,3
786,12,108.9568,34.381,3
787,12,108.97,34.2104,2
788,12,109.0117,34.3107,6
789,12,108.9534,34.2297,11
790,12,108.9318,34.3058,5
791,12,108.9547,34.2866,5
792,12,108.9712,34.2762,5
793,12,108.9528,34.2171,2
794,12,108.8906,34.2384,6
795,12,109.0533,34.2492,10
796,12,108.8645,34.1783,5
797,12,108.9401,34.2102,7
798,12,109.0452,34.3301,3
799,12,108.98,34.2474,9
800,12,108.934,34.2483,5
801,12,108.9497,34.2658,6
802,12,108.9753,34.2561,4
803,12,108.9952,34.3229,3
804,12,109.0864,34.2399,5
805,12,108.9026,34.348,5
806,12,108.8675,34.2613,3
807,12,108.9346,34.2368,2
808,12,109.0178,34.2132,5
809,12,109.0636,34.2842,3
810,12,108.9117,34.2077,5
811,12,108.8916,34.1997,7
812,12,108.8389,34.1009,13
813,12,109.2288,34.3723,4
814,12,108.9296,34.3532,4
815,12,108.971,34.3528,9
816,12,108.926,34.211,4
817,12,108.9415,34.365,3
818,12,109.0571,34.311,4
819,12,108.904,34.2642,18
820,12,108.9736,34.2377,4
821,12,108.9564,34.2554,4
822,12,108.959,34.2065,5
823,12,108.9401,34.2988,4
824,12,108.9533,34.3336,8
825,12,108.9286,34.2905,6
826,12,108.8996,34.3853,11
827,12,109.0194,34.2025,6
828,12,108.8946,34.228,12
829,12,108.9332,34.2662,4
830,12,109.0669,34.3899,2
831,12,108.9159,34.2987,3
832,12,108.9616,34.3469,2
833,12,108.9888,34.2342,4
834,12,108.9529,34.2967,10
835,12,108.9606,34.3264,4
836,12,108.9094,34.2481,4
837,12,108.9491,34.2408,12
838,12,108.9181,34.1658,4
839,12,109.005,34.2039,9
840,12,108.9439,34.1288,2
841,12,108.8917,34.2535,3
842,13,108.9519,34.2045,5
843,13,108.9603,34.2419,9
844,13,109.201,34.3827,4
845,13,108.9168,34.261,4
846,13,108.9115,34.167,4
847,13,108.9888,34.2202,6
848,13,109.0069,34.2336,3
849,13,109.0518,34.2895,11
850,13,108.9224,34.2218,2
851,13,109.013,34.2753,4
852,13,108.9729,34.271,5
853,13,108.9136,34.2402,13
854,13,108.9291,34.1514,4
855,13,109.0401,34.2718,6
856,13,108.9954,34.1805,3
857,13,108.9959,34.3165,4
858,13,108.8711,34.2239,4
859,13,108.9662,34.2045,6
860,13,108.9704,34.1961,3
861,13,109.0361,34.3617,12
862,13,108.8508,34.2546,3
863,13,108.9455,34.2457,6
864,13,108.9743,34.1676,8
865,13,108.854,34.1728,5
866,13,108.8928,34.2222,5
867,13,108.9813,34.204,4
868,13,108.9437,34.3481,6
869,13,108.8866,34.1785,2
870,13,108.904,34.2642,3
871,13,108.9409,34.3325,8
872,13,108.8898,34.1887,4
873,13,108.9124,34.2258,5
874,13,109.0207,34.292,7
875,13,108.9502,34.3399,4
876,13,109.0523,34.2673,4
877,13,108.9961,34.2447,2
878,13,108.984,34.1762,7
879,13,108.9585,34.2582,11
880,13,108.8858,34.2079,2
881,13,108.887,34.2305,3
882,13,108.9973,34.2558,6
883,13,108.9614,34.3352,15
884,13,108.9801,34.3453,3
885,13,108.9869,34.2305,7
886,13,108.9299,34.3838,4
887,13,109.0018,34.3358,2
888,13,109.0247,34.3167,6
889,13,108.9107,34.3486,10
890,13,108.943,34.1983,5
891,13,108.9006,34.2382,3
892,13,108.9349,34.2366,16
893,13,108.8861,34.1977,11
894,13,108.9552,34.2295,5
895,13,109.0079,34.2074,7
896,13,109.0251,34.2178,5
897,13,108.914,34.1968,6
898,13,109.0991,34.5412,3
899,13,108.8627,34.194,8
900,13,108.9927,34.2764,4
901,13,108.9294,34.2738,6
902,13,108.9736,34.2141,4
903,13,108.8281,34.1797,6
904,13,108.8979,34.3055,18
905,13,108.9537,34.2681,8
906,13,108.9315,34.2155,8
907,13,109.0008,34.1961,4
908,13,108.9123,34.3277,4
909,13,109.233,34.3756,6
910,13,108.9936,34.2984,25
911,13,108.8546,34.3271,2
912,13,108.9706,34.2246,2
913,13,108.8635,34.2609,4
914,13,108.9874,34.3591,2
915,13,108.9849,34.2531,5
916,13,108.9379,34.3179,5
917,13,108.9833,34.3163,3
918,13,108.9724,34.3699,2
919,13,108.9054,34.298,2
920,13,108.9537,34.2987,7
921,13,108.9602,34.3537,2
922,13,109.0029,34.2879,11
923,13,108.945,34.3822,3
924,13,109.0654,34.3238,6
925,13,108.873,34.1847,11
926,13,109.2328,34.4644,3
927,13,108.9157,34.2864,7
928,13,108.8843,34.2487,4
929,13,108.8718,34.2533,3
930,13,108.9561,34.2861,4
931,13,108.9241,34.2985,4
932,13,108.9269,34.3433,6
933,13,108.9494,34.3235,4
934,13,108.944,34.2233,3
935,13,108.8632,34.2047,2
936,13,109.0583,34.3037,6
937,13,108.9445,34.2115,3
938,13,108.9999,34.392,4
939,14,108.8434,34.1784,5
940,14,108.8948,34.2014,6
941,14,108.9522,34.1845,4
942,14,109.0048,34.2033,4
943,14,109.076,34.3017,13
944,14,109.0004,34.2509,12
945,14,109.004,34.3093,3
946,14,108.9256,34.2319,2
947,14,108.9574,34.2764,27
948,14,109.04,34.322,5
949,14,108.9028,34.2178,3
950,14,108.9891,34.2836,15
951,14,108.8882,34.1772,8
952,14,108.9745,34.312,4
953,14,109.0059,34.2747,3
954,14,109.0654,34.3238,6
955,14,108.9122,34.1966,4
956,14,108.9348,34.2128,3
957,14,108.9842,34.2143,4
958,14,108.9091,34.2413,18
959,14,109.0174,34.2569,5
960,14,108.9523,34.2495,9
961,14,108.9545,34.2948,7
962,14,108.984,34.2733,10
963,14,109.0501,34.3258,4
964,14,108.9361,34.2617,8
965,14,108.8794,34.2434,5
966,14,108.9561,34.2178,6
967,14,108.9349,34.2979,10
968,14,108.8889,34.2504,6
969,14,109.0714,34.2669,4
970,14,108.9572,34.2405,11
971,14,108.9369,34.2863,5
972,14,108.938,34.2295,16
973,14,109.2224,34.381,3
974,14,108.9719,34.2329,18
975,14,108.9431,34.1975,4
976,14,108.9481,34.3063,3
977,14,108.8605,34.1588,8
978,14,109.013,34.3003,3
979,14,108.9839,34.1651,3
980,14,108.9547,34.3247,6
981,14,108.9025,34.2566,12
982,14,109.0243,34.3417,4
983,14,108.9672,34.2864,6
984,14,108.9567,34.3541,6
985,14,108.9753,34.3759,4
986,14,108.9144,34.2133,3
987,14,108.9127,34.2951,18
988,14,108.9208,34.2888,8
989,14,108.9817,34.2939,11
990,14,108.868,34.2431,11
991,14,108.9526,34.1574,3
992,14,108.9708,34.2216,8
993,14,108.8796,34.1977,4
994,14,108.9678,34.1958,3
995,14,108.8912,34.2229,6
996,14,108.8485,34.323,2
997,14,108.9896,34.2064,10
998,14,109.0034,34.262,9
999,14,108.9151,34.3491,2
1000,14,108.911,34.2288,6
1001,14,108.94,34.2412,6
1002,14,108.8991,34.1638,16
1003,14,109.0741,34.2812,6
1004,14,108.9424,34.1604,3
1005,14,108.8844,34.1881,6
1006,14,108.9396,34.3176,2
1007,14,108.9217,34.3778,4
1008,14,108.978,34.3288,3
1009,14,108.9612,34.2571,7
1010,14,108.9958,34.1813,2
1011,14,108.8975,34.2727,3
1012,14,108.9283,34.276,5
1013,14,108.9478,34.3358,11
1014,14,108.9626,34.2047,7
1015,14,108.8933,34.237,9
1016,14,108.9122,34.2819,15
1017,14,108.8853,34.2129,14
1018,14,108.9308,34.3395,6
1019,14,108.954,34.2287,13
1020,14,108.9683,34.3352,6
1021,14,108.9863,34.2419,8
1022,14,108.9699,34.2499,8
1023,14,108.8203,34.2969,5
1024,14,109.0051,34.3752,4
1025,15,108.972,34.3581,2
1026,15,108.8998,34.2204,13
1027,15,108.88,34.2107,4
1028,15,108.8883,34.2199,2
1029,15,108.8891,34.2384,5
1030,15,108.8833,34.2535,11
1031,15,108.9862,34.3601,2
1032,15,108.9787,34.3204,2
1033,15,108.8557,34.1893,6
1034,15,109.0202,34.2019,6
1035,15,108.8632,34.1778,4
1036,15,109.0055,34.316,6
1037,15,109.0063,34.27,3
1038,15,108.9524,34.2615,48
1039,15,108.9155,34.2189,8
1040,15,108.8565,34.2065,2
1041,15,108.9514,34.2026,13
1042,15,108.8665,34.1687,7
1043,15,108.9299,34.3547,6
1044,15,108.9946,34.2588,21
1045,15,108.9793,34.2576,4
1046,15,109.0108,34.2547,9
1047,15,108.9694,34.2762,24
1048,15,108.8982,34.1851,2
1049,15,108.9236,34.2349,22
1050,15,108.937,34.3128,8
1051,15,108.9443,34.2471,10
1052,15,108.8776,34.1996,12
1053,15,108.6979,34.0317,15
1054,15,108.9584,34.1751,2
1055,15,108.9109,34.2417,37
1056,15,108.9735,34.1754,4
1057,15,109.0454,34.3262,4
1058,15,108.8049,34.1256,4
1059,15,108.9666,34.1997,8
1060,15,109.0159,34.0312,4
1061,15,108.9597,34.358,3
1062,15,108.9779,34.3376,5
1063,15,108.9321,34.2743,5
1064,15,108.9334,34.3221,3
1065,15,108.9906,34.2272,4
1066,15,109.0382,34.2935,4
1067,15,108.9634,34.3467,3
1068,15,108.9851,34.3962,3
1069,15,108.99,34.316,5
1070,15,108.9449,34.3296,9
1071,15,108.9329,34.2179,3
1072,15,108.8793,34.1809,10
1073,15,108.9711,34.2152,16
1074,15,108.9838,34.2841,16
1075,15,108.9451,34.2988,4
1076,15,109.0792,34.2996,6
1077,15,108.9229,34.2566,23
1078,15,109.0798,34.274,2
1079,15,108.856,34.2751,4
1080,15,109.0254,34.4108,3
1081,15,108.9819,34.2075,3
1082,15,108.929,34.333,3
1083,15,108.9128,34.2526,21
1084,15,108.9961,34.3528,13
1085,15,109.0323,34.3074,10
1086,15,108.948,34.3466,3
1087,15,108.9329,34.2406,17
1088,15,108.9512,34.1892,7
1089,15,108.992,34.385,3
1090,15,108.9677,34.3258,11
1091,15,108.9163,34.2935,4
1092,15,108.9755,34.1877,8
1093,15,109.0144,34.2341,6
1094,15,109.1018,34.3248,4
1095,15,121.5068,31.2437,7
1096,15,108.9439,34.1685,2
1097,15,108.9542,34.282,14
1098,15,108.9321,34.2617,4
1099,15,108.9603,34.2458,21
1100,15,108.9513,34.3675,2
1101,15,109.0005,34.3916,2
1102,15,108.8994,34.2344,20
1103,15,108.9543,34.319,4
1104,15,108.8496,34.1725,3
1105,15,108.9961,34.2756,6
1106,15,108.8683,34.2585,8
1107,15,108.9134,34.1698,2
1108,15,108.8958,34.2054,6
1109,15,108.9019,34.2516,4
1110,15,108.945,34.3822,4
1111,15,108.9627,34.2284,22
1112,15,109.0025,34.4023,3
1113,15,108.9348,34.2924,7
1114,15,108.8605,34.159,15
1115,15,108.8696,34.1928,3
1116,15,108.8753,34.2395,5
1117,15,108.9769,34.2336,6
1118,15,108.9074,34.2059,4
1119,15,108.9747,34.2663,35
1120,15,108.9101,34.2651,12
1121,15,108.8494,34.2155,2
1122,16,109.0396,34.3203,4
1123,16,108.9091,34.2958,5
1124,16,108.9039,34.2054,9
1125,16,109.0004,34.3905,7
1126,16,109.0315,34.3008,4
1127,16,108.9874,34.2313,14
1128,16,108.897,34.2199,8
1129,16,108.97,34.198,12
1130,16,108.8517,34.2592,5
1131,16,109.0284,34.2048,5
1132,16,108.9511,34.1876,4
1133,16,108.9536,34.2779,8
1134,16,108.9834,34.3692,4
1135,16,108.8346,34.1868,4
1136,16,109.0222,34.5458,4
1137,16,108.7876,34.2748,3
1138,16,108.9448,34.3195,15
1139,16,108.9412,34.2016,3
1140,16,108.9762,34.1659,6
1141,16,108.9528,34.2971,8
1142,16,108.8988,34.237,6
1143,16,108.9693,34.2786,7
1144,16,108.946,34.3582,3
1145,16,108.9101,34.2277,10
1146,16,109.0368,34.2602,7
1147,16,108.8834,34.2772,2
1148,16,108.9731,34.2227,4
1149,16,108.9535,34.3121,3
1150,16,108.8962,34.1988,18
1151,16,108.8838,34.1777,2
1152,16,108.917,34.3844,3
1153,16,108.9336,34.2617,4
1154,16,109.0267,34.3138,4
1155,16,109.1774,34.3703,6
1156,16,108.9232,34.2781,3
1157,16,108.9655,34.241,8
1158,16,108.8959,34.3477,6
1159,16,108.9948,34.2748,19
1160,16,108.9778,34.378,6
1161,16,108.935,34.3097,13
1162,16,108.9598,34.3392,15
1163,16,109.0126,34.2489,3
1164,16,108.9364,34.3389,5
1165,16,109.0203,34.256,2
1166,16,108.8774,34.2282,16
1167,16,108.9877,34.3858,4
1168,16,108.9302,34.2406,12
1169,16,108.9376,34.2932,8
1170,16,108.9261,34.2111,3
1171,16,108.9124,34.2515,6
1172,16,108.9641,34.2707,57
1173,16,109.0122,34.2208,4
1174,16,108.9584,34.323,2
1175,16,108.9843,34.2126,4
1176,16,108.8512,34.199,4
1177,16,108.8517,34.1736,6
1178,16,109.0833,34.4035,3
1179,16,108.9956,34.2445,6
1180,16,108.8846,34.1972,7
1181,16,108.9901,34.3059,5
1182,16,108.9504,34.2515,24
1183,16,108.9393,34.284,10
1184,16,109.0115,34.2736,6
1185,16,109.024,34.3431,25
1186,16,108.966,34.3118,6
1187,16,108.9531,34.238,9
1188,16,108.9301,34.2503,4
1189,16,108.9942,34.2946,8
1190,16,108.8319,34.2675,9
1191,16,108.8298,34.2529,4
1192,16,108.9721,34.2123,12
1193,16,108.9313,34.1977,4
1194,16,108.9815,34.272,10
1195,16,109.3032,34.6836,4
1196,16,108.8735,34.3598,5
1197,16,109.0183,34.2881,2
1198,16,108.9993,34.2012,4
1199,16,108.8888,34.266,2
1200,16,108.9185,34.244,18
1201,16,108.8826,34.1528,4
1202,16,108.9456,34.3286,17
1203,16,108.986,34.1733,8
1204,16,108.933,34.3535,4
1205,16,108.9626,34.2251,5
1206,16,108.9492,34.2245,3
1207,16,108.879,34.2542,9
1208,16,108.9409,34.2153,4
1209,16,108.914,34.1543,6
1210,16,108.9606,34.2157,12
1211,16,108.9723,34.2483,3
1212,16,108.8702,34.1957,17
1213,16,108.9654,34.3581,2
1214,16,108.9535,34.2684,11
1215,16,108.9327,34.2261,5
1216,17,108.9498,34.1971,6
1217,17,108.9435,34.3486,8
1218,17,108.8484,34.2911,3
1219,17,108.9491,34.2653,21
1220,17,109.0023,34.2994,4
1221,17,108.9545,34.1699,3
1222,17,108.9951,34.2622,4
1223,17,108.9949,34.2519,6
1224,17,109.124,34.3212,6
1225,17,108.9008,34.2699,41
1226,17,108.8873,34.2257,29
1227,17,108.9385,34.2543,52
1228,17,108.8927,34.2035,8
1229,17,108.8719,34.2516,5
1230,17,108.9631,34.1993,2
1231,17,108.8382,34.2439,2
1232,17,108.861,34.1971,19
1233,17,108.9896,34.387,3
1234,17,109.0831,34.2421,4
1235,17,108.9615,34.2243,2
1236,17,108.9076,34.2246,8
1237,17,108.9716,34.2781,20
1238,17,109.0035,34.1897,2
1239,17,108.945,34.3822,5
1240,17,108.9491,34.3231,18
1241,17,108.9269,34.2919,12
1242,17,108.9136,34.2517,13
1243,17,108.996,34.3116,6
1244,17,108.8643,34.2061,2
1245,17,108.9386,34.2378,22
1246,17,108.9395,34.2759,4
1247,17,108.9465,34.3599,10
1248,17,108.9334,34.1588,5
1249,17,109.009,34.2758,12
1250,17,108.9944,34.1567,3
1251,17,108.9257,34.1881,4
1252,17,108.8552,34.1724,19
1253,17,108.8846,34.1965,34
1254,17,108.9946,34.2108,7
1255,17,108.9461,34.3047,8
1256,17,108.9976,34.4045,2
1257,17,108.978,34.2987,4
1258,17,108.9293,34.2644,8
1259,17,108.9735,34.1616,9
1260,17,108.8899,34.1884,2
1261,17,109.0401,34.2718,7
1262,17,108.9681,34.3238,8
1263,17,108.939,34.2122,2
1264,17,108.9449,34.224,9
1265,17,109.0582,34.3057,4
1266,17,108.8883,34.254,13
1267,17,108.9879,34.369,5
1268,17,108.9626,34.2562,2
1269,17,109.0265,34.2644,2
1270,17,109.0087,34.4184,4
1271,17,108.8487,34.2153,18
1272,17,108.9814,34.206,9
1273,17,108.9178,34.2618,5
1274,17,108.9541,34.3377,8
1275,17,108.9336,34.3531,3
1276,17,108.9531,34.2164,2
1277,17,108.9058,34.2814,9
1278,17,108.9684,34.3103,4
1279,17,108.9448,34.1258,8
1280,17,109.063,34.249,7
1281,17,109.0095,34.2491,20
1282,17,108.9722,34.2175,16
1283,17,108.8282,34.183,21
1284,17,108.8763,34.1773,4
1285,17,108.8972,34.2421,8
1286,17,108.9848,34.2691,13
1287,17,109.0767,34.2711,4
1288,17,108.9394,34.2868,6
1289,17,108.9332,34.3331,6
1290,17,108.9002,34.1632,4
1291,17,108.9528,34.2497,6
1292,17,109.0806,34.3066,4
1293,17,108.9516,34.2377,4
1294,17,108.954,34.292,2
1295,17,109.0011,34.2294,3
1296,17,108.9689,34.2688,6
1297,17,108.9727,34.2522,7
1298,17,108.9045,34.1731,4
1299,17,108.9653,34.242,6
1300,17,108.9559,34.2762,10
1301,17,108.9214,34.243,10
1302,17,109.0326,34.3005,7
1303,17,108.9805,34.2388,11
1304,17,109.0701,34.2885,4
1305,17,108.9162,34.2144,8
1306,17,109.0416,34.3218,3
1307,17,109.073,34.1849,13
1308,17,109.0067,34.2383,6
1309,17,108.9361,34.3634,6
1310,17,109.0028,34.2874,4
1311,17,108.8406,34.3001,4
1312,18,108.9262,34.3585,6
1313,18,108.8294,34.1789,2
1314,18,108.9452,34.3771,3
1315,18,108.9578,34.229,11
1316,18,108.87,34.2072,27
1317,18,108.9383,34.2351,15
1318,18,108.8757,34.2629,3
1319,18,108.9071,34.2701,6
1320,18,108.8534,34.266,5
1321,18,108.9099,34.2124,5
1322,18,108.9009,34.2368,14
1323,18,108.8486,34.2157,3
1324,18,108.9698,34.1847,2
1325,18,109.0026,34.2601,7
1326,18,109.0027,34.3001,3
1327,18,108.8759,34.2247,4
1328,18,108.981,34.3454,6
1329,18,108.8991,34.1696,4
1330,18,109.0157,34.2312,3
1331,18,108.8504,34.2952,4
1332,18,108.9446,34.3561,11
1333,18,108.9534,34.273,33
1334,18,108.9244,34.2748,7
1335,18,108.9211,34.2268,2
1336,18,108.9844,34.2304,13
1337,18,108.8512,34.1736,6
1338,18,109.0396,34.3205,5
1339,18,108.955,34.1723,4
1340,18,108.914,34.2419,51
1341,18,109.0005,34.2368,4
1342,18,108.9353,34.3161,6
1343,18,108.9317,34.3393,2
1344,18,108.9292,34.2644,2
1345,18,108.9938,34.158,7
1346,18,108.8745,34.1708,4
1347,18,108.8932,34.216,20
1348,18,108.9691,34.2771,23
1349,18,108.9752,34.3762,4
1350,18,108.9787,34.2527,4
1351,18,108.9277,34.292,5
1352,18,109.0049,34.2074,5
1353,18,108.8803,34.2791,11
1354,18,109.0149,34.2428,12
1355,18,108.9421,34.3334,10
1356,18,108.9208,34.2178,17
1357,18,108.9421,34.3444,13
1358,18,108.9541,34.3241,6
1359,18,108.9929,34.2192,16
1360,18,108.9163,34.1704,9
1361,18,108.8885,34.2285,26
1362,18,109.0844,34.2348,2
1363,18,109.0328,34.313,3
1364,18,108.9827,34.276,4
1365,18,108.9428,34.276,2
1366,18,108.9656,34.2367,5
1367,18,109.0705,34.2938,11
1368,18,108.8816,34.2137,7
1369,18,108.9777,34.318,2
1370,18,108.898,34.2468,5
1371,18,108.8849,34.2431,11
1372,18,108.9517,34.2025,5
1373,18,109.0507,34.2716,11
1374,18,108.9436,34.2583,22
1375,18,108.9587,34.2181,15
1376,18,108.9605,34.2637,5
1377,18,108.8914,34.188,3
1378,18,109.0071,34.1898,6
1379,18,108.9961,34.2738,7
1380,18,108.9603,34.3355,6
1381,18,108.8971,34.2053,29
1382,18,108.9348,34.2015,3
1383,18,108.9885,34.3989,4
1384,18,109.0573,34.311,8
1385,18,108.9549,34.29,9
1386,18,109.0654,34.3032,4
1387,18,108.9758,34.1622,6
1388,18,108.9942,34.2511,13
1389,18,108.9752,34.173,3
1390,18,108.9843,34.2653,4
1391,18,109.0042,34.3279,2
1392,18,108.9428,34.2242,6
1393,18,108.8979,34.287,7
1394,18,109.0004,34.2838,4
1395,18,108.9161,34.253,20
1396,18,108.9523,34.1893,3
1397,18,108.8527,34.2002,4
1398,18,108.8885,34.2692,3
1399,18,108.9461,34.3084,8
1400,18,108.971,34.329,7
1401,18,108.985,34.2415,12
1402,18,108.9859,34.2973,3
1403,18,108.9014,34.258,11
1404,18,108.8868,34.1748,2
1405,18,108.9532,34.3009,13
1406,18,108.9089,34.3801,6
1407,18,108.9856,34.3882,4
1408,18,108.9301,34.2506,27
1409,18,109.2046,34.3883,3
1410,18,108.9733,34.2179,29
1411,18,109.0727,34.1877,3
1412,18,109.0163,34.2747,4
1413,18,109.1858,34.3724,6
1414,18,108.9813,34.2043,7
1415,18,108.9664,34.35,6
1416,18,109.0232,34.2977,9
1417,18,108.9653,34.3203,3
1418,18,109.0544,34.2525,2
1419,18,108.886,34.1964,40
1420,18,108.8982,34.2772,2
1421,18,108.9553,34.2436,27
1422,18,108.9677,34.1977,16
1423,19,109.0731,34.3737,4
1424,19,108.9541,34.278,20
1425,19,108.9954,34.2333,2
1426,19,108.9698,34.2641,4
1427,19,108.933,34.3574,4
1428,19,108.8749,34.2079,3
1429,19,108.9709,34.2141,5
1430,19,108.9603,34.1887,2
1431,19,108.9534,34.3018,11
1432,19,108.9442,34.3193,4
1433,19,108.8354,34.2436,7
1434,19,108.9824,34.4058,3
1435,19,108.8489,34.296,3
1436,19,108.8392,34.1121,6
1437,19,108.8954,34.1968,11
1438,19,109.0481,34.3258,4
1439,19,109.0163,34.2747,6
1440,19,108.9536,34.287,4
1441,19,108.8946,34.2131,5
1442,19,108.9859,34.2245,4
1443,19,108.9405,34.3355,4
1444,19,109.0907,34.4152,5
1445,19,108.9292,34.2285,8
1446,19,108.9282,34.2889,5
1447,19,108.9585,34.3596,3
1448,19,108.8821,34.2007,20
1449,19,108.8716,34.1793,10
1450,19,108.8702,34.2577,7
1451,19,108.8743,34.368,3
1452,19,109.0038,34.3868,6
1453,19,108.8848,34.1482,2
1454,19,108.9568,34.2638,2
1455,19,109.0035,34.2272,11
1456,19,108.9498,34.1554,2
1457,19,108.8526,34.1926,4
1458,19,108.8847,34.2201,14
1459,19,108.997,34.2988,3
1460,19,109.0202,34.2096,4
1461,19,108.849,34.2154,25
1462,19,108.9691,34.2372,18
1463,19,108.9532,34.2264,3
1464,19,108.985,34.2146,6
1465,19,108.9984,34.3278,6
1466,19,108.9742,34.2007,6
1467,19,108.9989,34.2625,4
1468,19,108.9848,34.3868,4
1469,19,108.9139,34.2448,26
1470,19,108.8924,34.2284,26
1471,19,108.8843,34.2582,3
1472,19,108.9395,34.2025,4
1473,19,108.9746,34.1611,4
1474,19,109.061,34.2432,2
1475,19,108.9114,34.2651,20
1476,19,108.8934,34.1848,10
1477,19,108.944,34.2652,18
1478,19,108.9567,34.2546,24
1479,19,109.0754,34.2667,8
1480,19,108.9956,34.1814,4
1481,19,109.0019,34.2735,13
1482,19,108.8864,34.2681,6
1483,19,108.9274,34.276,2
1484,19,108.9584,34.3201,8
1485,19,108.9112,34.2543,4
1486,19,108.8772,34.1713,6
1487,19,109.0176,34.3073,2
1488,19,109.0241,34.3429,3
1489,19,109.0183,34.2332,3
1490,19,108.9552,34.2368,11
1491,19,108.9065,34.208,8
1492,19,108.9089,34.3798,13
1493,19,109.0552,34.2957,9
1494,19,108.8823,34.2416,7
1495,19,108.8693,34.2782,6
1496,19,108.8488,34.1728,15
1497,19,108.93,34.2534,9
1498,19,109.0182,34.2527,4
1499,19,108.9349,34.2366,8
1500,19,108.9986,34.2161,2
1501,19,108.9022,34.2241,3
1502,19,109.0635,34.2805,2
1503,19,109.0089,34.2819,3
1504,19,108.9096,34.1539,4
1505,19,108.9403,34.2477,3
1506,19,109.0223,34.3183,4
1507,19,108.9278,34.2179,7
1508,19,108.9538,34.2041,4
1509,20,108.9257,34.2337,5
1510,20,108.8509,34.1738,4
1511,20,108.8831,34.1796,18
1512,20,108.8832,34.2323,28
1513,20,108.9556,34.2152,5
1514,20,108.8412,34.244,6
1515,20,108.8605,34.199,12
1516,20,108.8963,34.194,11
1517,20,108.9989,34.2625,18
1518,20,109.0747,34.2742,14
1519,20,108.9155,34.2453,6
1520,20,108.9587,34.2369,6
1521,20,108.8952,34.3801,3
1522,20,108.9781,34.3127,11
1523,20,108.9877,34.3075,2
1524,20,108.9783,34.2929,4
1525,20,108.8473,34.2853,5
1526,20,109.196,34.368,4
1527,20,108.9189,34.2928,5
1528,20,108.9946,34.2767,4
1529,20,108.9379,34.257,12
1530,20,108.9904,34.3735,11
1531,20,108.9534,34.2987,3
1532,20,109.035,34.3223,3
1533,20,108.933,34.3458,5
1534,20,108.9511,34.1643,4
1535,20,108.926,34.216,2
1536,20,108.9383,34.2992,2
1537,20,108.9487,34.3239,6
1538,20,108.9227,34.2767,3
1539,20,108.8878,34.2752,2
1540,20,109.0753,34.2852,2
1541,20,109.0207,34.2572,2
1542,20,109.0025,34.3559,4
1543,20,109.0466,34.2573,5
1544,20,108.9058,34.3834,4
1545,20,108.8973,34.258,7
1546,20,108.935,34.363,7
1547,20,108.9893,34.3853,2
1548,20,108.8534,34.2951,3
1549,20,108.8289,34.1784,4
1550,20,108.9276,34.3267,3
1551,20,108.8988,34.2747,6
1552,20,108.9372,34.2467,3
1553,20,108.9574,34.3801,2
1554,20,108.9702,34.2266,4
1555,20,108.8609,34.1585,4
1556,20,108.9341,34.2262,7
1557,20,108.994,34.207,11
1558,20,109.0144,34.3106,4
1559,20,108.9503,34.2665,13
1560,20,108.8943,34.2139,13
1561,20,108.9684,34.2826,6
1562,20,108.9723,34.212,17
1563,20,108.8956,34.2255,11
1564,20,108.8865,34.1883,2
1565,20,108.8483,34.2065,5
1566,20,108.8419,34.131,8
1567,20,108.9425,34.2349,13
1568,20,108.9327,34.1794,3
1569,20,109.0131,34.2858,4
1570,20,109.0512,34.3639,4
1571,20,108.9522,34.3482,9
1572,20,108.9075,34.2646,19
1573,20,108.9588,34.1975,20
1574,20,109.0298,34.2767,4
1575,20,108.8648,34.2314,4
1576,20,108.8755,34.1447,3
1577,20,109.0737,34.2646,4
1578,20,108.8537,34.3275,4
1579,20,109.01,34.3022,3
1580,20,108.9844,34.1967,4
1581,20,108.8773,34.1714,4
1582,20,109.0129,34.2693,3
1583,20,108.9843,34.2142,8
1584,20,108.9625,34.2706,16
1585,20,108.9247,34.3827,7
1586,20,109.013,34.2461,3
1587,20,109.0098,34.3697,11
1588,20,108.8786,34.2521,8
1589,20,108.8376,34.3018,3
1590,20,108.8875,34.1998,51
1591,20,108.9787,34.2418,2
1592,20,108.9511,34.2449,6
1593,20,109.046,34.2352,3
1594,20,108.9896,34.341,3
1595,20,108.9409,34.3325,4
1596,20,109.0116,34.2294,4
1597,20,108.9776,34.3888,26
1598,20,108.9896,34.2432,3
1599,20,108.9095,34.2339,6
1600,20,108.9964,34.233,9
1601,20,108.8746,34.2018,38
1602,20,108.8672,34.2424,4
1603,20,108.9905,34.2869,8
1604,20,109.0591,34.3252,2
1605,20,108.9746,34.178,3
1606,21,109.0598,34.2259,2
1607,21,108.9836,34.3665,3
1608,21,108.9361,34.3664,5
1609,21,108.9566,34.2762,4
1610,21,108.9669,34.25,19
1611,21,108.9946,34.2542,2
1612,21,109.0521,34.3275,6
1613,21,108.8967,34.2441,10
1614,21,109.0008,34.2014,4
1615,21,108.9778,34.32,11
1616,21,108.8977,34.2741,5
1617,21,109.0005,34.237,6
1618,21,108.9835,34.2294,6
1619,21,108.9866,34.1993,2
1620,21,108.8698,34.2425,4
1621,21,108.9924,34.2757,3
1622,21,108.9162,34.2455,2
1623,21,108.9475,34.3369,2
1624,21,108.9607,34.2658,3
1625,21,109.0116,34.2751,3
1626,21,109.0446,34.3162,6
1627,21,108.8757,34.2694,9
1628,21,109.0112,34.2878,4
1629,21,108.8967,34.2208,31
1630,21,108.9733,34.274,6
1631,21,109.2155,34.372,6
1632,21,108.943,34.1666,3
1633,21,108.9565,34.24,3
1634,21,108.9349,34.2177,4
1635,21,108.8952,34.38,4
1636,21,108.8725,34.1661,5
1637,21,109.0094,34.254,19
1638,21,108.9574,34.2865,2
1639,21,108.926,34.3007,8
1640,21,108.8729,34.2801,5
1641,21,108.8702,34.2524,4
1642,21,108.9536,34.3133,11
1643,21,108.9661,34.2214,13
1644,21,108.9782,34.2905,10
1645,21,108.8632,34.2007,4
1646,21,109.0241,34.3429,4
1647,21,108.9168,34.2544,3
1648,21,108.9396,34.3306,7
1649,21,109.0113,34.2274,3
1650,21,109.0023,34.2703,4
1651,21,109.0251,34.2511,4
1652,21,108.9516,34.2291,20
1653,21,108.9328,34.237,27
1654,21,108.9115,34.2141,17
1655,21,108.8433,34.1974,3
1656,21,108.8818,34.1843,3
1657,21,108.9259,34.2038,6
1658,21,109.0512,34.3639,2
1659,21,108.8862,34.1431,2
1660,21,108.8876,34.1973,146
1661,21,108.8636,34.3273,7
1662,21,108.9448,34.3206,8
1663,21,108.841,34.2729,4
1664,21,108.8509,34.1694,7
1665,21,109.0826,34.3059,2
1666,21,108.9737,34.337,4
1667,21,108.8882,34.2283,103
1668,21,108.9493,34.2084,11
1669,21,108.9668,34.3478,5
1670,21,109.0037,34.328,13
1671,21,108.8714,34.211,8
1672,21,108.9544,34.2975,18
1673,21,109.0213,34.3134,4
1674,21,108.8258,34.167,7
1675,21,108.9109,34.2373,25
1676,21,108.965,34.3284,4
1677,21,108.987,34.2426,2
1678,21,108.9704,34.232,3
1679,21,108.9986,34.3448,9
1680,21,108.9337,34.2587,12
1681,21,108.9447,34.1918,4
1682,21,108.9723,34.212,10
1683,21,108.9204,34.1656,2
1684,21,108.9089,34.2691,6
1685,21,108.9454,34.2527,4
1686,21,108.8754,34.2022,124
1687,21,108.9677,34.2834,3
1688,21,108.9666,34.1963,3
1689,21,108.9598,34.3406,6
1690,21,108.9587,34.2561,4
1691,21,108.9673,34.1833,8
1692,21,108.9002,34.202,5
1693,21,108.9053,34.2572,4
1694,21,108.8978,34.2875,4
1695,21,109.004,34.211,20
1696,21,108.9287,34.3222,6
1697,21,108.9455,34.2423,11
1698,21,108.9372,34.3124,6
1699,21,108.902,34.1643,3
1700,21,108.9547,34.3591,4
1701,21,108.9439,34.3484,4
1702,21,108.8928,34.1886,5
1703,21,108.9232,34.2887,7
1704,21,108.9975,34.225,2
1705,21,108.989,34.1827,4
1706,21,108.9759,34.2013,4
1707,21,109.0275,34.2667,3
1708,21,108.9496,34.2653,47
1709,21,108.9868,34.3978,3
1710,22,108.9074,34.2665,4
1711,22,108.9526,34.2327,3
1712,22,108.9764,34.2383,7
1713,22,108.9346,34.3271,4
1714,22,108.93,34.2418,3
1715,22,108.9697,34.2569,4
1716,22,108.9739,34.2475,18
1717,22,108.9531,34.3088,8
1718,22,108.95,34.2708,4
1719,22,108.9594,34.2158,14
1720,22,108.8702,34.2524,2
1721,22,108.947,34.1626,7
1722,22,108.9998,34.2839,4
1723,22,108.8927,34.1885,5
1724,22,108.9605,34.1989,2
1725,22,108.8754,34.2022,20
1726,22,108.8432,34.1809,8
1727,22,109.0001,34.3918,2
1728,22,109.186,34.3681,3
1729,22,109.0023,34.264,2
1730,22,109.042,34.3664,10
1731,22,108.8554,34.2013,10
1732,22,108.9429,34.2471,4
1733,22,109.0757,34.3124,4
1734,22,108.9702,34.2072,6
1735,22,108.9106,34.2297,7
1736,22,108.9974,34.3231,6
1737,22,108.9829,34.3459,3
1738,22,108.9549,34.2519,4
1739,22,108.9842,34.2143,9
1740,22,108.8773,34.2834,5
1741,22,108.9107,34.2536,9
1742,22,108.9964,34.2444,9
1743,22,108.9537,34.3211,4
1744,22,108.9528,34.2971,21
1745,22,108.8876,34.2146,7
1746,22,108.963,34.2267,27
1747,22,108.8526,34.2875,8
1748,22,108.9292,34.278,5
1749,22,108.8846,34.1965,197
1750,22,108.8918,34.2282,66
1751,22,108.9891,34.3888,2
1752,22,108.9398,34.3438,2
1753,22,108.9828,34.1991,4
1754,22,108.9201,34.2042,3
1755,22,109.0164,34.2491,3
1756,22,109.0395,34.3397,4
1757,22,108.8931,34.206,8
1758,22,108.9322,34.2617,11
1759,22,109.024,34.343,11
1760,22,108.9266,34.2506,7
1761,22,108.9356,34.3136,4
1762,22,108.8839,34.2413,9
1763,22,108.9724,34.3386,6
1764,22,108.9678,34.2834,12
1765,22,108.9178,34.2214,11
1766,22,108.8851,34.1782,8
1767,22,108.9178,34.2862,3
1768,22,108.963,34.2361,10
1769,22,108.9561,34.336,18
1770,22,108.9709,34.22,4
1771,22,108.866,34.1687,3
1772,22,108.897,34.2199,18
1773,22,108.9126,34.3291,2
1774,22,108.9534,34.242,2
1775,22,108.9526,34.2621,6
1776,22,108.989,34.1827,2
1777,22,108.9162,34.2455,25
1778,22,108.9413,34.2362,12
1779,22,108.8963,34.242,13
1780,22,108.9695,34.321,2
1781,22,109.0498,34.2445,4
1782,22,108.8543,34.1675,11
1783,22,108.9638,34.3462,6
1784,22,108.9035,34.2965,6
1785,22,108.9393,34.3015,5
1786,22,108.9814,34.2659,6
1787,22,109.0163,34.2685,4
1788,22,109.132,34.3212,5
1789,22,108.8966,34.2868,5
1790,22,109.054,34.3292,4
1791,22,109.0049,34.2529,11
1792,23,109.0753,34.2693,2
1793,23,108.9532,34.3239,4
1794,23,108.8752,34.2016,2
1795,23,108.8989,34.2407,10
1796,23,108.9456,34.2209,6
1797,23,108.9451,34.2972,3
1798,23,109.0051,34.2724,8
1799,23,108.8848,34.1969,28
1800,23,109.0315,34.3077,3
1801,23,108.9501,34.2695,3
1802,23,108.9717,34.2224,2
1803,23,108.9532,34.3496,11
1804,23,108.8768,34.3492,5
1805,23,109.008,34.262,4
1806,23,108.8662,34.2781,3
1807,23,108.968,34.3589,3
1808,23,108.9878,34.387,4
1809,23,108.8884,34.2136,2
1810,23,108.9541,34.2039,8
1811,23,108.9023,34.2105,2
1812,23,109.0379,34.324,2
1813,23,108.9184,34.382,3
1814,23,108.9634,34.2474,13
1815,23,108.978,34.3228,3
1816,23,108.9195,34.2749,6
1817,23,108.9216,34.232,5
1818,23,108.8813,34.2358,11
1819,23,108.9298,34.3142,3
1820,23,109.0588,34.2956,4
1821,23,108.8608,34.1887,3
1822,23,108.9337,34.3237,4
1823,23,108.9453,34.2108,3
1824,23,108.9362,34.3749,2
1825,23,108.9157,34.2136,3
1826,23,108.9828,34.1991,4
1827,23,109.0105,34.2875,3
1828,23,108.9871,34.2232,3
1829,23,108.9638,34.1988,4
1830,23,108.9614,34.2683,4
1831,23,108.9339,34.2793,6
1832,23,108.9192,34.2874,11
1833,23,108.9703,34.2829,18
1834,23,108.9418,34.3165,4
1835,23,108.9329,34.2044,3
1836,23,109.0659,34.2781,2
1837,23,108.8902,34.2283,11
1838,23,108.9948,34.2084,3
1839,23,108.9366,34.3435,3
1840,23,109.0763,34.2862,4
1841,23,108.9141,34.2449,11
1842,23,109.0016,34.328,10
1843,23,109.072,34.373,6
1844,23,108.9522,34.1574,4
